model,task,success_rate,similarity,validity,sr_x_sim
RePO ckpt-748,LogP,0.4434,0.7112,0.7788,0.31534608000000003
RePO ckpt-748,MR,0.5052,0.709,0.7692,0.35818679999999997
RePO ckpt-748,QED,0.348,0.7217,0.781,0.2511516
RePO ckpt-748,Average,0.4322,0.7139666666666665,0.7763333333333334,0.30822816000000003
v15.1 retrain ckpt-748,LogP,0.489,0.735,0.7936,0.359415
v15.1 retrain ckpt-748,MR,0.5042,0.7128,0.7728,0.35939376
v15.1 retrain ckpt-748,QED,0.3282,0.7441,0.8144,0.24421362
v15.1 retrain ckpt-748,Average,0.4404666666666666,0.7306333333333334,0.7936,0.32100745999999997
