method,logp_sr,logp_similarity,logp_sr_x_sim,logp_validity,mr_sr,mr_similarity,mr_sr_x_sim,mr_validity,qed_sr,qed_similarity,qed_sr_x_sim,qed_validity,avg_sr_x_sim
RePO,0.4434,0.7112373712419794,0.31536265040869366,0.7788,0.5052,0.7089632649611419,0.3581682414583689,0.7692,0.348,0.7216583883424992,0.2511371191431897,0.781,0.30822267033675077
v15.1 Retrain,0.489,0.7350277410167072,0.3594285653571698,0.7936,0.5042,0.7128174478244029,0.35940255719306397,0.7728,0.3282,0.7441326042971385,0.24422432073032083,0.8144,0.3210184810935182
v16,0.6694,0.6092034464040817,0.4078007870228923,0.7884,0.574,0.6001901612928762,0.3445091525821109,0.751,0.3298,0.635334270643102,0.20953324245809501,0.815,0.32061439402103276
